{"stats":{"minecraft:picked_up":{"minecraft:crimson_fungus":1,"minecraft:netherite_ingot":1,"minecraft:diamond":50,"minecraft:ender_eye":2},"minecraft:used":{"minecraft:big_dripleaf":1,"minecraft:moss_block":12,"minecraft:mossy_stone_bricks":30,"minecraft:nether_brick_fence":125,"minecraft:moss_carpet":14,"minecraft:ender_eye":10,"minecraft:cow_spawn_egg":13,"minecraft:flowering_azalea":1,"minecraft:iron_bars":38,"minecraft:lava_bucket":121,"minecraft:flint_and_steel":4,"minecraft:command_block":11,"minecraft:quartz_slab":18,"minecraft:grass_block":19,"minecraft:pig_spawn_egg":16,"minecraft:barrier":100,"minecraft:oak_sign":16,"minecraft:spawner":3,"minecraft:silverfish_spawn_egg":1,"minecraft:chicken_spawn_egg":26,"minecraft:cracked_nether_bricks":11,"minecraft:chest":4,"minecraft:stone":168,"minecraft:wither_skeleton_spawn_egg":1,"minecraft:red_nether_brick_stairs":8,"minecraft:sheep_spawn_egg":11,"minecraft:barrel":3,"minecraft:stone_brick_stairs":8,"minecraft:stone_bricks":516,"minecraft:blaze_spawn_egg":1,"minecraft:bedrock":256,"minecraft:bee_spawn_egg":11,"minecraft:anvil":1,"minecraft:azalea_leaves":88,"minecraft:infested_cracked_stone_bricks":11,"minecraft:dark_prismarine_slab":2,"minecraft:azalea_leaves_flowers":16,"minecraft:nether_bricks":845,"minecraft:white_stained_glass":4,"minecraft:trapped_chest":6,"minecraft:piglin_spawn_egg":9,"minecraft:end_portal_frame":26,"minecraft:bee_nest":4,"minecraft:nether_brick_stairs":221,"minecraft:obsidian":29},"minecraft:custom":{"minecraft:time_since_rest":141110,"minecraft:sprint_one_cm":11833,"minecraft:walk_one_cm":139340,"minecraft:trigger_trapped_chest":35,"minecraft:interact_with_anvil":1,"minecraft:damage_dealt":38,"minecraft:swim_one_cm":1562,"minecraft:fly_one_cm":335118,"minecraft:open_barrel":3,"minecraft:open_chest":21,"minecraft:play_one_minute":141110,"minecraft:crouch_one_cm":2006,"minecraft:sneak_time":3272,"minecraft:walk_under_water_one_cm":599,"minecraft:jump":220,"minecraft:leave_game":3,"minecraft:time_since_death":141110,"minecraft:walk_on_water_one_cm":145}},"DataVersion":2699}